MemberType,Latitude,Longitude,Status,DeviceOS,ModelName,UserToken,RequestDateTime,_id
FullMember,48.534961,19.610980,C,IOS,iphone,3cTSreaoU8AVbJGC4aecIz9ShhcEGUVSiPWw,2024-09-23 00:14:13.849,0E6GI5IBFzK-ezUpPe9D
FullMember,41.653758,36.119217,C,,,kqMvsWGFxFOAfKyaz8aAvCZdori3eKJxTXF4,2024-09-23 00:15:08.208,5k-HI5IBFzK-ezUpEQ2b
FullMember,89.290538,87.774585,C,AND,oppo T51,CQE35AKGJmE7ExdLz7OfzN7aQwdXwT4tNAhc,2024-09-23 00:15:16.455,nk-HI5IBFzK-ezUpMRXQ
FullMember,-34.009601,63.430040,C,IOS,iphone,vaNJOjbyfk3lzIuulG9w0fQDPCUmFCwm0d56,2024-09-23 00:15:21.040,ak-HI5IBFzK-ezUpQxq_
FullMember,-54.904403,170.480376,C,,,BddGsMafI9AsAulzZobX9uuBLDzrfl3v7XwT,2024-09-23 00:15:40.060,8k-HI5IBFzK-ezUpji0L
FullMember,3.374778,-68.131080,C,,,OA1IWGRnGXlr4FCiUdo37B9WIZKbttWbVhyE,2024-09-23 00:15:41.484,YE-HI5IBFzK-ezUpky-X
FullMember,-28.949059,-163.511758,C,AND,oppo T51,CBAa6Y8MJuGV4BHxTd6jH6p8FuZ5RrHZpHON,2024-09-23 00:15:43.842,4E-HI5IBFzK-ezUpnDHN
FullMember,-74.167516,-94.709913,C,IOS,iphone,So4ljdBvuyUdLSR66GaqSiKg54Rzmz6ME1gS,2024-09-23 00:15:50.064,e0-HI5IBFzK-ezUptTge
FullMember,-83.155427,-107.182876,C,AND,oppo T51,NEfCWx1OPPeFc6pomWTr1sMipRfPZwZU3UFe,2024-09-23 00:16:07.329,qU-HI5IBFzK-ezUp-EmQ
FullMember,41.754083,152.385236,C,AND,oppo T51,JN5cGIylqFsHHgOb4ACcLvQM6Oqdj2K0Zbrv,2024-09-23 00:16:09.697,8k-II5IBFzK-ezUpAUvN
FullMember,-16.211922,-42.563145,C,,,fapKgR6xyhQNeQHBbsdAZ7fb4D8CZk29Im63,2024-09-23 00:16:11.940,G0-II5IBFzK-ezUpCk6P
FullMember,62.864074,-58.930308,C,IOS,iphone 20 pro,abg3An5Nypnfg2AAoJehRDxTkJeIpFtPz6W1,2024-09-23 00:16:12.837,-0-II5IBFzK-ezUpDk4Q
FullMember,-31.257945,-37.618560,C,AND,samsung,hTJcpRf8FhSuxrPZcRvAwOs6I8O2WTxTJ1xc,2024-09-23 00:16:18.217,aE-II5IBFzK-ezUpI1QX
FullMember,5.946207,162.406997,C,AND,oppo T51,azcjoAzOFttJXQFHDrFnDsE8k0wP0W3JDKx4,2024-09-23 00:16:25.756,E0-II5IBFzK-ezUpQFqL
FullMember,-15.510266,43.641159,C,IOS,iphone 13 mini,j2rmFhXYBM1VC8GciincO0keH0zTAkS0DWxl,2024-09-23 00:16:32.312,2k-II5IBFzK-ezUpWl0j
FullMember,-29.040129,150.969276,C,,,sjbXtWsTsFaKV9piN3hn0zK8P5TGYLcLO0Or,2024-09-23 00:20:15.514,jE-LI5IBFzK-ezUpwnEQ
FullMember,-13.154329,140.083848,C,,,amWr53Fa0XgOFRHFeB7pkkzcN7Vymh9juDJ9,2024-09-23 00:21:55.248,Q0-NI5IBFzK-ezUpR5ao
FullMember,-81.215306,-146.218000,C,IOS,iphone 13 mini,i3Yt49FjdTOFkQKFMOc6XnkLiJaVyBqdfZ3h,2024-09-23 00:22:10.291,pU-NI5IBFzK-ezUpgppr
FullMember,-49.849148,62.158870,C,,,CGsMPGAUFKR1CL6k0YkSYbkW14MqipSYuPSK,2024-09-23 01:14:00.164,aE6GI5IBFzK-ezUpB-7N
FullMember,-85.251115,32.666977,C,IOS,iphone 21 pro max,YzH4htOhs4W8eH9x7DCalv4MXCC7El9CCRKK,2024-09-23 01:14:30.459,Zk6GI5IBFzK-ezUpfvMl
FullMember,63.377663,129.109799,C,,,xg4vnKmb1OCSxeNGcsV39YiuG0AHCo0dYB7T,2024-09-23 01:14:48.318,6E6GI5IBFzK-ezUpw_zs
FullMember,-9.983056,-42.599210,C,AND,Huawei P20 Pro,bKSoRJPPqckCTxlZNslITz9BgDze4LKjyMn7,2024-09-23 01:15:09.661,Rk-HI5IBFzK-ezUpFw9K
FullMember,76.010291,-6.841607,C,AND,oppo T51,OKKfisnln3avUjWR0QQq73iLjwU7BdK8zfRM,2024-09-23 01:15:10.013,gU-HI5IBFzK-ezUpGA-q
FullMember,-50.161921,19.072607,C,,,dY0HbjCwDFl37dfmKrLVZbw20qi2jzFoNwHd,2024-09-23 01:15:10.507,9U-HI5IBFzK-ezUpGg-X
FullMember,-45.609494,61.248117,C,AND,Oneplus 9T,BD2kavqANT9htwxBPylItx2FgJeacQ6gGsRS,2024-09-23 01:15:14.313,XE-HI5IBFzK-ezUpKRN2
FullMember,78.539359,62.467412,C,IOS,iphone 20 pro,YOCxSUCfKN8MZSSba5FLeToJ3JTr4OiLQhxk,2024-09-23 01:15:19.929,SE-HI5IBFzK-ezUpPxlj
FullMember,44.565249,111.253442,C,,,dh8IXzshAdKxpa7r5Tu5UqUuK4GM2eEKHnzw,2024-09-23 01:15:44.391,nk-HI5IBFzK-ezUpnjLx
FullMember,-55.794461,133.956526,C,,,REvpGax286cXuhvySWPK6rgmqIdCPtvv53o6,2024-09-23 01:15:46.076,Z0-HI5IBFzK-ezUppTSJ
FullMember,-78.013208,170.783602,C,IOS,iphone 13 mini,z5pZNvJQWsmPFtoMpGTNKKezZzWvQ92BTz8h,2024-09-23 01:15:49.151,lk-HI5IBFzK-ezUpsTeM
FullMember,65.431940,121.739357,C,AND,Huawei P20 Pro,Dv2ivbWYj3Q7yJ1Y3r2Txlm6lhLIhF1NKN9z,2024-09-23 01:21:23.679,VE-MI5IBFzK-ezUpzIpX
FullMember,28.623428,-25.957561,C,AND,Oneplus 9T,r39FKUFKx9sFDkpCJcZIlhcqykWdiiv7LqEB,2024-09-23 02:14:21.564,uU6GI5IBFzK-ezUpW_Bm
FullMember,80.686906,17.203714,C,IOS,iphone 21 pro max,cTn4QDKYQMhhzm9AUofANW0rNSwfcITmha9M,2024-09-23 02:14:37.790,6U6GI5IBFzK-ezUpmvbH
FullMember,23.942305,-105.987357,C,AND,Oneplus 9T,horbcZoyPzadHW35WjCP4j8U7sQZRMl3Xjqa,2024-09-23 02:14:38.508,Qk6GI5IBFzK-ezUpnfeW
FullMember,73.287171,-78.977727,C,,,54TwIsqh9X8dzeiuLWMaJ5qA5RMG2CW5WqV3,2024-09-23 02:15:02.034,9k-GI5IBFzK-ezUp-Qd8
FullMember,-0.886849,173.027248,C,IOS,iphone,HUSmjteLc0G95XvowcRAXK0yQipwCYCpVvoQ,2024-09-23 02:15:06.178,Hk-HI5IBFzK-ezUpCQyr
FullMember,0.819899,-132.109300,C,AND,Huawei P20 Pro,C2n9D6W0oCukCwEGRVMDdX7f7npQLndxClYE,2024-09-23 02:15:13.266,NU-HI5IBFzK-ezUpJRJf
FullMember,9.387074,130.316024,C,AND,Huawei P20 Pro,cWYxTjVdHcKfyWsE4R41uhmtssLpPXkO4nXl,2024-09-23 02:15:15.303,YU-HI5IBFzK-ezUpLRRS
FullMember,-23.332366,-100.695353,C,IOS,iphone,CwHq84IaSCto2KaQBR1uvtxKtwqErFIFdNQj,2024-09-23 02:15:31.281,ZU-HI5IBFzK-ezUpayS-
FullMember,42.885922,-130.293583,C,,,1sOPmcKCVUh4UZrJhepiQ3iz2FktjVWuE6Wd,2024-09-23 02:15:49.936,W0-HI5IBFzK-ezUptDib
FullMember,-71.041397,74.187366,C,IOS,iphone,XXF8ZEEORpkOixrAe6QTWPpgMusyMYDtzcbB,2024-09-23 02:15:50.253,qU-HI5IBFzK-ezUptTjZ
FullMember,61.229951,134.395712,C,AND,Huawei P20 Pro,HigtnbbaFuGiwfIzvvwBkogrezRGAtp8eUc5,2024-09-23 02:16:26.218,XE-II5IBFzK-ezUpQlpZ
FullMember,-34.169480,137.694257,C,,,k6WjiMvxLshQ7yRKI6uQX0vkk8xKdcdrUcSf,2024-09-23 02:16:41.879,sk-II5IBFzK-ezUpf2KH
FullMember,40.189696,82.339458,C,AND,Huawei P20 Pro,rq9tV6pDuIyteX3MgLITjhFiFX0ej8ZtNQRO,2024-09-23 03:15:43.878,6E-HI5IBFzK-ezUpnDHx
FullMember,81.358961,-32.609326,C,IOS,iphone 20 pro,guv2Wbhod2zuMElQiiNDkBsxGb95qdmfgyoj,2024-09-23 03:16:19.552,mU-II5IBFzK-ezUpKFVQ
FullMember,-81.645826,-63.532694,C,,,r3HCLS7AL1zFdKbuHSihkcHd9fVbnS1dKIMY,2024-09-23 03:16:37.907,90-II5IBFzK-ezUpb2D_
FullMember,19.055919,-136.704916,C,AND,Oneplus 9T,p6iOEZFSdbY8m70pSdHwH55rCDLLdPi5AP8A,2024-09-23 03:17:09.875,BU-II5IBFzK-ezUp7Gnl
FullMember,25.524439,72.331326,C,,,ZmvSyrei1KmuJh3M1xDcAqYEunQFggbvlBFA,2024-09-23 03:21:12.004,Bk-MI5IBFzK-ezUpnoa7
FullMember,-56.826279,-17.058323,C,AND,samsung,0pESInDbNTKUNjUr6UgohaPntt1df6E9UD8b,2024-09-23 03:21:49.367,BU-NI5IBFzK-ezUpMJSu
FullMember,-25.747889,178.458355,C,AND,Huawei P20 Pro,2wydQVJzsfoqo0ypBsmiPkKhb1OCVysMkzn6,2024-09-23 04:14:35.253,m06GI5IBFzK-ezUpkPXe
FullMember,25.546623,-11.715451,C,AND,samsung,IBx2TghXEuu3GcKSHLuifoKxKcV4liaHuJOm,2024-09-23 04:14:39.695,1E6GI5IBFzK-ezUpovc4
FullMember,0.085103,-106.631553,C,IOS,iphone,5eepQkf6XuTaxRXGkwc8Xo7JWykQvmJpGeCV,2024-09-23 04:14:47.669,ck6GI5IBFzK-ezUpwfxh
FullMember,-58.772907,-121.133804,C,AND,Oneplus 9T,Te8PpCpfgU5OF4kU27BDYAQwBLg4G2gbuO66,2024-09-23 04:14:55.111,U0-GI5IBFzK-ezUp3gJx
FullMember,68.972140,-149.402034,C,,,ncuoWodvuu1fU6dleObOHFrJCxDOroR7GPCX,2024-09-23 04:15:28.690,pk-HI5IBFzK-ezUpYSGf
FullMember,22.853431,-98.935600,C,AND,Oneplus 9T,bPMd0JjxNz3VOy32VkPZodQt4axTp5Eb5GmR,2024-09-23 04:15:30.191,Pk-HI5IBFzK-ezUpZyN6
FullMember,-20.945936,-57.806457,C,AND,samsung,PQlaMzbHxDIuHXrA1LgeqVMApBBhM9YuTB0L,2024-09-23 04:15:31.025,Hk-HI5IBFzK-ezUpaiS9
FullMember,-77.989964,16.872623,C,IOS,iphone,ALG1sc57BAqwFWna1JICiBUNjgEw3rCifg5k,2024-09-23 04:15:35.022,kU-HI5IBFzK-ezUpeihZ
FullMember,-60.589633,163.038031,C,,,jubnzmwwPgCzwnQ9mwOUDI0nHfg6Rp5wgBhB,2024-09-23 04:15:40.824,uU-HI5IBFzK-ezUpkS4D
FullMember,-52.200004,-115.612275,C,,,5XOGECcnLobJH5w2QTp5ShwVNSEFAumgrPQz,2024-09-23 04:15:54.240,hE-HI5IBFzK-ezUpxTxs
FullMember,66.066578,92.068710,C,,,CD2FTyegGHHklSkiNEoELoeX5NocBRBBCbov,2024-09-23 04:16:05.418,yU-HI5IBFzK-ezUp8UcW
FullMember,-23.534290,-133.994062,C,AND,samsung,QzuK22yDusSTuxq2RyJP1ik4vhf7a0XMJdjA,2024-09-23 04:16:07.568,6E-HI5IBFzK-ezUp-Ul8
FullMember,11.847165,-109.806159,C,,,ADx7hEuCgytPev14apBXouYtZNlqq7tmKRKd,2024-09-23 04:16:17.769,-E-II5IBFzK-ezUpIVNV
FullMember,-63.363153,-2.725647,C,,,uwMeG2KmmMXAB8UTxo0TDOf4w4XGOoS3xD7a,2024-09-23 04:16:32.541,-E-II5IBFzK-ezUpW10K
FullMember,-8.399969,44.912541,C,,,zvwRlshLvO5H1nkyu0W7xfyfEYo7jZpokT9J,2024-09-23 04:20:08.351,30-LI5IBFzK-ezUppm4U
FullMember,30.864255,90.979802,C,,,Cj7bV48XDIj9bg7ewVYbVkMm7RVDpF9f25WF,2024-09-23 04:20:52.593,0E-MI5IBFzK-ezUpUn7n
FullMember,70.300440,95.684893,C,,,gAUWd20UpiZzJzSAcy1Dwwbsvtrp05bLMHbe,2024-09-23 04:21:10.258,ak-MI5IBFzK-ezUpl4Xp
FullMember,-45.204931,-27.696842,C,,,fh1FRtO3CNScZYdnTRu2R8X00nEg0zdyfe8y,2024-09-23 04:21:24.495,yU-MI5IBFzK-ezUpz4qG
FullMember,48.598304,127.794967,C,AND,Oneplus 9T,tEYQeuUcCJZ7TJGbtTbkxmewHFl0QmTHLUqF,2024-09-23 04:21:29.545,mE-MI5IBFzK-ezUp44xB
FullMember,28.317882,94.434264,C,IOS,iphone 20 pro,VoT8U8GQRaPiFhPUP0moUSuSYmx7cGgJL9vE,2024-09-23 05:14:34.277,Bk6GI5IBFzK-ezUpjfUR
FullMember,36.077925,139.041691,C,IOS,iphone 21 pro max,zFRCfzu9NChXVnXkaCzBAj1c673VIM5uuHEO,2024-09-23 05:15:35.642,Ok-HI5IBFzK-ezUpfCnF
FullMember,38.239079,71.712912,C,,,A0Bno4XgAfM8VdQaePvF5H2ufPG2JTXHVNq2,2024-09-23 05:15:48.281,vE-HI5IBFzK-ezUprjYj
FullMember,-86.093289,144.371054,C,,,Mx6krlx6zmdojAuEP9KCXmWW2OIIKCe4Kkv4,2024-09-23 05:16:12.749,5E-II5IBFzK-ezUpDU66
FullMember,-48.527459,-129.555723,C,,,poaZHrlc93Cp3zhqe9tp9IFXHszYpzQUGMy9,2024-09-23 05:16:42.991,L0-II5IBFzK-ezUpg2Pb
FullMember,72.883328,-5.512738,C,IOS,iphone 20 pro,EUxlkgb8r0jsW3zwXlpfw8Cynb0uu0TuYkZO,2024-09-23 05:20:03.774,oU-LI5IBFzK-ezUplG0z
FullMember,48.421155,-0.004415,C,,,VoJucgl4cyEhILtgxRqWnazSB3TDJlCoTQv6,2024-09-23 05:20:05.407,Gk-LI5IBFzK-ezUpmm6V
FullMember,63.725226,-90.107536,C,,,cKu5H8NGvH2SPPpOhJSZsoqvIdpBhMzvonyi,2024-09-23 05:21:23.044,Gk-MI5IBFzK-ezUpyYrc
FullMember,-11.085289,120.979430,C,,,HkejAdUcezIE62Eqe5h2xkTPvOSggcycJTii,2024-09-23 06:14:52.655,Mk-GI5IBFzK-ezUp1ADZ
FullMember,-33.021449,50.531064,C,AND,oppo T51,RUNFwjguWNuOF4xi56B0d2EenRyERmEOKZmE,2024-09-23 06:15:13.083,CU-HI5IBFzK-ezUpJBKm
FullMember,-8.729043,-67.794413,C,AND,oppo T51,r18ADO2SCSCeDLSfZ0j5NxwRD8qG1DcCwPXt,2024-09-23 06:15:15.554,qE-HI5IBFzK-ezUpLhRM
FullMember,18.763782,-100.665459,C,IOS,iphone,jHwooQUg5Bus6euCnZXjuiLp0XxpYssKRJls,2024-09-23 06:15:16.208,WE-HI5IBFzK-ezUpMBXc
FullMember,-57.358596,-42.364401,C,,,Kj8d616rdM5i7Fxve5TyIkRzjQvzBxav2bkC,2024-09-23 06:15:30.045,Gk-HI5IBFzK-ezUpZiPq
FullMember,34.117577,14.394365,C,AND,oppo T51,ViJ33ygX2koHYIft60kNZFdDZ92wvB613wMz,2024-09-23 06:15:35.965,l0-HI5IBFzK-ezUpfikJ
FullMember,81.622182,77.926061,C,AND,samsung,57smg66nQzVAwLNVgMxKuogufQoJ9gywOHIy,2024-09-23 06:15:57.791,Ik-HI5IBFzK-ezUp00BK
FullMember,25.255980,-125.326992,C,,,jCKXOpFHuCd7IXtwjihO1QYPxQDCQB8JSXr1,2024-09-23 06:16:15.000,Rk-II5IBFzK-ezUpFlGH
FullMember,-62.376113,-75.020541,C,IOS,iphone 13 mini,pofFpZpVzkWZGgVi7b6lPuB6iO6wRctMMRbU,2024-09-23 06:20:21.520,nk-LI5IBFzK-ezUp2XOG
FullMember,-7.209038,79.809247,C,IOS,iphone 20 pro,GsJimroczHxKTGfsPa5snclbO6AjkqHrvVZB,2024-09-23 06:20:38.181,gE-MI5IBFzK-ezUpGnmb
FullMember,51.613739,-130.054454,C,IOS,iphone 21 pro max,JynPfmobU0tkf2C4TR2MGfvXyM0SgDHXYGf4,2024-09-23 06:20:47.054,30-MI5IBFzK-ezUpPXxC
FullMember,24.820897,54.827906,C,IOS,iphone,FVcEVDyA5A9zW7JvNsxLNSNisgjndAFuM62O,2024-09-23 06:21:33.497,_U-MI5IBFzK-ezUp8o2y
FullMember,38.093900,-161.606516,C,IOS,iphone 13 mini,4roTY0hQlSbUNGQKYXvKlhET0222ViBQ5ZUC,2024-09-23 07:15:28.525,eU-HI5IBFzK-ezUpYCH3
FullMember,75.095482,109.968427,C,IOS,iphone 21 pro max,F7SQOftLovWjsnhdOzRQbwJez4hJ6UCn6TOr,2024-09-23 07:15:51.383,vE-HI5IBFzK-ezUpujlE
FullMember,6.454165,-151.849679,C,AND,Huawei P20 Pro,q9RU4XGCGN1e5XaDjgNuX5ElECdh2YfttAnq,2024-09-23 07:15:57.798,JE-HI5IBFzK-ezUp00BR
FullMember,-33.762461,-130.528000,C,,,YP4wxEbkyiM5kvruEeW2GrbTGGWnhJw374Qt,2024-09-23 07:16:03.809,C0-HI5IBFzK-ezUp6kbM
FullMember,58.728480,-73.170598,C,IOS,iphone 21 pro max,hHw0mbVvIqhgCID29ehfRkjssySQuGVWqylH,2024-09-23 07:16:17.774,_E-II5IBFzK-ezUpIVNZ
FullMember,55.986310,-69.971242,C,,,nbFMNjOq2YAKfiVnDmFpYnhfZQVdzwgNVkKs,2024-09-23 07:16:20.900,p0-II5IBFzK-ezUpLVaS
FullMember,66.676968,-156.057646,C,,,HFVrsLLVe60vCnWu6ZO3YrFeja76vKmjUc3T,2024-09-23 07:16:24.292,BU-II5IBFzK-ezUpOlnT
FullMember,-76.436231,4.366771,C,AND,oppo T51,6bQtBLI85nd1H0497Zw3e7ACdIX3cBvV6Ifu,2024-09-23 07:16:31.210,RU-II5IBFzK-ezUpVV3Z
FullMember,-20.471814,-131.138632,C,,,zRkdHXJOKZjqMUhHjsPUf6yl3uoOK0STorHP,2024-09-23 07:16:39.593,tU-II5IBFzK-ezUpdmGX
FullMember,5.127298,-166.970562,C,,,8qjf7siWqJwrNvniFHJiwjciB8PtOUqLOSn5,2024-09-23 07:16:50.436,Gk-II5IBFzK-ezUpoGb0
FullMember,-8.519473,-149.110825,C,AND,oppo T51,PJFX5ZKE2LEDZJRRitYmTBGOH7G23MWR3RHa,2024-09-23 07:20:19.660,_E-LI5IBFzK-ezUp0nJC
FullMember,-57.691508,-5.850183,C,AND,Oneplus 9T,BSKJ0TTTALgMUovJa374wqpUF0Q8mhaa3dy8,2024-09-23 07:20:38.065,dk-MI5IBFzK-ezUpGnko
FullMember,17.834160,-103.520945,C,IOS,iphone 13 mini,BjSKuzKd5SUf2cC5NUOeHGsjW5pbNjAV877Z,2024-09-23 07:20:53.694,NE-MI5IBFzK-ezUpV382
FullMember,33.883749,52.018372,C,AND,samsung,QHTxto7JGuWTYkq4KQlgEwdvGV820ocVNoWl,2024-09-23 07:21:10.212,ZE-MI5IBFzK-ezUpl4W6
FullMember,70.523678,-85.895559,C,IOS,iphone 21 pro max,PoIRbmfetOfEK5W9GNQOmn0OWQwTB4RqF0es,2024-09-23 08:14:05.997,G06GI5IBFzK-ezUpHu-Z
FullMember,-12.002530,-97.890367,C,AND,oppo T51,fwWRTb4WLinWw9aR43ok9gEqT6huI1CdvMUX,2024-09-23 08:14:38.693,W06GI5IBFzK-ezUpnvdR
FullMember,13.558371,-107.808359,C,,,JB5IWvUFz2G2wttp74xsvxVCAuNWznOhGuvz,2024-09-23 08:15:05.441,aU-HI5IBFzK-ezUpBgvM
FullMember,85.077185,92.064301,C,IOS,iphone,UG9IuADW8HsUtcOhsF2wZF5xDIFwMDiEecAH,2024-09-23 08:15:23.470,40-HI5IBFzK-ezUpTRw5
FullMember,68.249186,-61.468894,C,AND,Huawei P20 Pro,OTQJlogo1u4jf1EeHUI4u3ENXxAmvd7lbNdt,2024-09-23 08:16:23.227,Wk-II5IBFzK-ezUpNlis
FullMember,-46.232878,145.480997,C,,,dpK1N0JaUugjTzxfmhExfnpgOnkpmeSOKL4I,2024-09-23 08:16:25.851,Jk-II5IBFzK-ezUpQFrp
FullMember,83.293858,-26.389276,C,AND,oppo T51,S2D9gmRtUoIxkPbqLVwuBbs1R24Blzypgkvy,2024-09-23 08:16:30.375,xU-II5IBFzK-ezUpUlyW
FullMember,-61.236447,33.478832,C,IOS,iphone 20 pro,p8KTXGPbVhZq81fJUZAhDvEHJHLfj2syXzvJ,2024-09-23 08:16:53.080,zU-II5IBFzK-ezUpq2ZJ
FullMember,-52.204585,111.443191,C,,,RwRQuOpNSmCFARyKjWqyCwhP6LkZWXu94TTG,2024-09-23 08:20:37.962,bE-MI5IBFzK-ezUpGXnB
FullMember,57.712288,-88.780414,C,,,ZJUpUaiWU27jMOxKnEvCoxJ71FF6gQxHoUIO,2024-09-23 08:20:50.897,OE-MI5IBFzK-ezUpTH5J
FullMember,37.145769,-141.469800,C,AND,Huawei P20 Pro,4MebzV7O8UwROjJiufwuSH83SsxzGZga5BH4,2024-09-23 08:21:27.491,3U-MI5IBFzK-ezUp24s6
FullMember,-87.451307,-11.412281,C,IOS,iphone,tiM4e9jEPTqvQ3Pym83gfxK52i0Ydar40m8Z,2024-09-23 08:21:33.454,-E-MI5IBFzK-ezUp8o2F
FullMember,68.786659,47.932043,C,IOS,iphone,a8HEePXNMBDKobtH5Pi9Xk5FeZ9bIoG5CIMB,2024-09-23 08:21:56.996,3U-NI5IBFzK-ezUpTpZ8
FullMember,59.661126,151.337134,C,IOS,iphone 20 pro,2UkYYBRX9K3Csw0sXcorXCM5XylOl12oK39K,2024-09-23 09:14:19.370,f06GI5IBFzK-ezUpUvDU
FullMember,-0.653306,-25.742307,C,,,ycwhUGMPVzkGxUkrhiYcLFkwNU9r7WX864Oc,2024-09-23 09:14:49.656,6U6GI5IBFzK-ezUpyf0i
FullMember,-34.916192,-90.052084,C,AND,Oneplus 9T,AaxXPg2t5bNoJLUAJZ7tjtNA7FtumgEqw4P0,2024-09-23 09:14:50.757,w06GI5IBFzK-ezUpzf5x
FullMember,38.922121,24.007174,C,,,K5VaHEl0OAs3Hkx88xR0jhLStWfQKupv5a2T,2024-09-23 09:14:59.053,ak-GI5IBFzK-ezUp7QXZ
FullMember,63.830691,174.551484,C,,,8ZMUy8wXyKo0UreSdtefD260Iif63BUKP96K,2024-09-23 09:14:59.898,I0-GI5IBFzK-ezUp8QYl
FullMember,37.996209,45.306739,C,AND,samsung,BMzJvdk6qODiXU4hyQPTuVkZB8bNo0QddKMm,2024-09-23 09:15:21.253,k0-HI5IBFzK-ezUpRBqQ
FullMember,76.989284,-45.507472,C,,,eGxIxBswEMydewCpIsDHUbSWdlC4KTS23NUI,2024-09-23 09:15:44.048,GE-HI5IBFzK-ezUpnTKc
FullMember,-74.081684,32.175764,C,AND,Huawei P20 Pro,GrKfDTi04rHeq8edZxKJwwqrPOs0txJsTnIY,2024-09-23 09:15:47.567,-U-HI5IBFzK-ezUpqzVd
FullMember,87.712214,-20.569267,C,AND,oppo T51,IcJRfOlMvoas52MrgK6p3d9MxnZnhqimaC9w,2024-09-23 09:16:16.640,5k-II5IBFzK-ezUpHFLs
FullMember,-71.647542,137.784511,C,IOS,iphone 13 mini,FHclnGj0rLkrhdEpwrrOOyH5bhrtClgUql0o,2024-09-23 09:16:17.446,qk-II5IBFzK-ezUpIFMV
FullMember,46.241540,100.902919,C,,,CszziZIydw5U5vrj1ruhynYtMJQD67sD0Z7Q,2024-09-23 09:16:40.933,SE-II5IBFzK-ezUpe2LT
FullMember,53.757795,-8.600039,C,,,ObKJhuduvdyJ9rm4luMLwA9KZglh5WFTrnsR,2024-09-23 09:20:31.788,G0-MI5IBFzK-ezUpAXei
FullMember,75.902512,6.233056,C,,,w9569Z6xSFJdlfBUAE9PFfsFPqjONS1Ismad,2024-09-23 09:21:54.761,GE-NI5IBFzK-ezUpRZbA
FullMember,2.975277,172.216483,C,,,HZzebdtJmnKPU0dicBSYqGiLbBFSwZPr5rwk,2024-09-23 09:22:03.793,Ek-NI5IBFzK-ezUpaZkN
FullMember,9.024424,-110.294869,C,,,5aNcn9U9MmxIxYsayLgmGYakVhLwdks6r1nT,2024-09-23 10:13:57.435,Kk6FI5IBFzK-ezUp_e4o
FullMember,7.019994,58.357451,C,AND,Oneplus 9T,tqFsKhiUzx6MxVbceuWA6qeYQxyaJ900yJdB,2024-09-23 10:15:21.631,-0-HI5IBFzK-ezUpRhoL
FullMember,86.836234,-110.413396,C,,,iYYIGrPRlyQEIQaKitiC7mqL8EMXCNWTNkCf,2024-09-23 10:15:35.959,lE-HI5IBFzK-ezUpfikE
FullMember,-24.476102,-4.120586,C,AND,Huawei P20 Pro,hsxyQCH1ZN93cwxeDPRhEl0W6HVa7W4hfxBK,2024-09-23 10:15:39.472,UU-HI5IBFzK-ezUpiy26
FullMember,28.770530,163.592023,C,AND,Huawei P20 Pro,IW9Jv944J5mNLuUL4jisRlfv8ZVpfzC6VBBD,2024-09-23 10:15:39.994,4E-HI5IBFzK-ezUpjS3H
FullMember,80.155143,30.647213,C,,,6jqxfLFgg5rgFP2vOfEolnXDhzjRspMGcBTl,2024-09-23 10:15:44.407,oE-HI5IBFzK-ezUpnzIC
FullMember,-65.833407,-2.662982,C,IOS,iphone 21 pro max,78E8xFC4xLJBfU07scg3KP281gr8gsm1rsJX,2024-09-23 10:15:48.969,bE-HI5IBFzK-ezUpsDfU
FullMember,-22.855358,168.235108,C,IOS,iphone 21 pro max,apeTazHHgirTJhleKAEVajkWfrWkBmPNOn4i,2024-09-23 10:15:55.179,jk-HI5IBFzK-ezUpyT0X
FullMember,16.871168,-148.911343,C,AND,Huawei P20 Pro,bE1JsaE7AEyW0ltThX3FjJKUX9JhC7YdBfDu,2024-09-23 10:16:04.633,Bk-HI5IBFzK-ezUp7kcF
FullMember,-16.863118,104.138024,C,,,zdUA2SdV18lGFc2zyQn5yE6ZmVxMEgOf5uft,2024-09-23 10:16:53.124,0E-II5IBFzK-ezUpq2Zz
FullMember,71.794250,98.749083,C,AND,Oneplus 9T,gBitMCePA84P4uCMshW3xe425A3aXEleYrwg,2024-09-23 11:14:54.747,DU-GI5IBFzK-ezUp3QIG
FullMember,-69.153759,144.084572,C,IOS,iphone 20 pro,PHPocd0fzU4i4SrVoyKFDrFG2CUQyJzFMkB4,2024-09-23 11:15:14.919,-E-HI5IBFzK-ezUpKxPT
FullMember,41.893294,75.323911,C,AND,samsung,nwqOY6pT7uziLnhJadlN2i4gtHZdAu5DVxvI,2024-09-23 11:16:21.472,Dk-II5IBFzK-ezUpL1fO
FullMember,-44.021252,35.280833,C,AND,Oneplus 9T,vpjpL75Sc1h4khlbcw7fCOoxmH1i8rvKwnHC,2024-09-23 11:16:22.375,vk-II5IBFzK-ezUpM1dU
FullMember,-82.352461,-37.713952,C,AND,Oneplus 9T,S7LvBuYZu6XYzCsrggo2VLv36zUbcDgmA9Rz,2024-09-23 11:16:46.779,5U-II5IBFzK-ezUpkmSq
FullMember,-72.546535,-26.839589,C,,,V0p5ZPkoFrNFKwlJmhvjTk19CAjxfIBm2eFs,2024-09-23 11:21:28.378,LE-MI5IBFzK-ezUp3oyw
FullMember,-1.607546,-49.383304,C,,,wp0fcFxQE2g3XnKRwN5Et7WA6c13uVvhthOG,2024-09-23 11:21:32.071,fU-MI5IBFzK-ezUp7Y0e
FullMember,32.620148,131.677007,C,AND,samsung,vQcCcduERtsUsd6q1fXbbSb6aiRffXPgM86O,2024-09-23 11:21:53.040,UU-NI5IBFzK-ezUpP5UI
FullMember,-51.264812,145.819885,C,AND,samsung,9Mf6owj3Ck9AlytAPaYHiBqi7wRFx3GUx9Ev,2024-09-23 12:14:37.714,306GI5IBFzK-ezUpmvZ_
FullMember,-11.667885,107.220139,C,IOS,iphone 20 pro,YWz4VRTRIWa0VuPzilxlLCwMiWj2hkyKeygi,2024-09-23 12:14:43.364,sU6GI5IBFzK-ezUpsPmP
FullMember,-46.373638,-53.105616,C,,,kYWLK6U5pYTF4JjPDuzwCEkgU1fKoj9g4LHI,2024-09-23 12:15:05.148,IE-HI5IBFzK-ezUpBQuo
FullMember,-59.539503,158.449357,C,AND,Huawei P20 Pro,bjB69ColD140RfOsyfjtEejQrD3qzMluYkTy,2024-09-23 12:15:12.481,hU-HI5IBFzK-ezUpIhFM
FullMember,20.093681,90.159233,C,AND,Oneplus 9T,eGzTFE9HY2d9qNGBQmUOyWaXzbD1imGvNikv,2024-09-23 12:15:23.075,eU-HI5IBFzK-ezUpSxyu
FullMember,-62.165710,-63.778373,C,IOS,iphone 13 mini,abGjvg7WcfJ4aREvW7KNR8AQrVZDfu1KlR3x,2024-09-23 12:16:09.032,V0-HI5IBFzK-ezUp_0s0
FullMember,6.244746,-106.165473,C,IOS,iphone 13 mini,NrRWtM58Jl4Alw6D4y76xIfCudfzYkWfyEBm,2024-09-23 12:16:15.131,Zk-II5IBFzK-ezUpF1EI
FullMember,-56.008304,49.836586,C,IOS,iphone 13 mini,imQi0BMlSJKd2kl0lK1wrKZzRQLmk4vP0WO8,2024-09-23 12:16:21.345,80-II5IBFzK-ezUpL1ZN
FullMember,-66.889027,-98.893419,C,IOS,iphone 21 pro max,yMx0TKIksTvxQ5tehFGCeoUaX9RzMUerIwBl,2024-09-23 12:16:24.194,9k-II5IBFzK-ezUpOlhw
FullMember,64.232529,-119.506886,C,IOS,iphone 13 mini,KrsxM1NHLVbWrIC3bZehSJojVFaNuRgw0RPD,2024-09-23 12:16:32.814,IE-II5IBFzK-ezUpXF4b
FullMember,44.575045,6.181558,C,,,zInEVhtnISHeYLPD8gIrnebGohmP1s5ZTcc2,2024-09-23 12:16:34.391,Ik-II5IBFzK-ezUpYl9G
FullMember,0.376859,152.399172,C,IOS,iphone 13 mini,cMKzAIBhNb0gvolEFonhd1nHYarHYKTHBTWX,2024-09-23 12:20:14.388,JU-LI5IBFzK-ezUpvXGq
FullMember,89.387881,-31.230938,C,,,u93rKwPljbTjwvHuqBEYYoMQNXLYp7eOdVoa,2024-09-23 12:22:15.454,mE-NI5IBFzK-ezUplpuW
FullMember,18.615530,59.962738,C,,,A0Te1naqt9W6DcE2fHVP6YsfplfMRpccYfD8,2024-09-23 13:15:45.592,5U-HI5IBFzK-ezUpozOj
FullMember,6.399890,-21.994291,C,IOS,iphone 21 pro max,WX7L3bPTtODDaIXZBCtI8MRW3fZgmIw7zRfx,2024-09-23 13:16:02.862,Hk-HI5IBFzK-ezUp50Uc
FullMember,0.240027,124.078223,C,AND,oppo T51,ssKy7mSfzL37ArwSEJDK7XVLjnBieKV7N3DG,2024-09-23 13:20:32.841,e0-MI5IBFzK-ezUpBXe_
FullMember,79.611221,14.510937,C,,,ej5QTZPHHJmaU7mZ2Lw9lgWszxIveb4u5hhK,2024-09-23 13:21:02.736,k0-MI5IBFzK-ezUpeoKF
FullMember,-25.350406,-72.392121,C,IOS,iphone 20 pro,FYU6jJxhdtKoExV5bqZRtAxxBaY6zvyycX79,2024-09-23 13:21:13.459,iE-MI5IBFzK-ezUppIZr
FullMember,17.040172,-37.788762,C,AND,Oneplus 9T,W2TDTy4EqY79my7SfOq0giSa3PRMA9ttZHc9,2024-09-23 13:21:50.320,Wk-NI5IBFzK-ezUpNJRn
FullMember,4.174283,76.425419,C,,,vBMq5bujWlMLQT4wZlpdABzS3YbJCtwE5PvY,2024-09-23 14:15:06.050,_k-HI5IBFzK-ezUpCQss
FullMember,19.746727,97.719068,C,IOS,iphone 20 pro,ArTddeCFC2524thwmMwuUBIOEvT7UfPGNzKQ,2024-09-23 14:15:22.820,O0-HI5IBFzK-ezUpShyt
FullMember,58.478795,63.101041,C,AND,Oneplus 9T,uvILwqRvYugoGnxlz9OAhDslEOh4kOtpJ0Qq,2024-09-23 14:15:35.910,g0-HI5IBFzK-ezUpfSnR
FullMember,-23.395312,38.119695,C,IOS,iphone 21 pro max,7wCCpKedfoOmQrRaBT2QpPUBv4fTjLFOjfm9,2024-09-23 14:15:41.422,S0-HI5IBFzK-ezUpky9a
FullMember,82.593747,-1.719601,C,IOS,iphone 21 pro max,K5qcwZUTioIQyrM3rftzIenyW3LW0cKceMnm,2024-09-23 14:15:59.051,ZE-HI5IBFzK-ezUp2EE4
FullMember,-74.856929,-117.540936,C,,,tuAsqGz5ZSnPaFSX0aB46KeXedVqvCcyNb0g,2024-09-23 14:16:32.188,yU-II5IBFzK-ezUpWV2q
FullMember,-33.024473,-155.747830,C,,,VMqyVBb4RVajO1ws9HX7YJ7aibYi3Tdii2YE,2024-09-23 14:17:10.436,Ek-II5IBFzK-ezUp72kU
FullMember,48.271209,172.751976,C,,,Xf7HttCKKdCcSIt6szE3stBbX6Bex96soX9Y,2024-09-23 14:20:49.711,zU-MI5IBFzK-ezUpR32n
FullMember,-31.501383,163.832730,C,IOS,iphone 21 pro max,Mvc4omEeMKtTHoijO4Wx2Xhf5FIgJRLS1tWn,2024-09-23 14:21:20.885,Vk-MI5IBFzK-ezUpwYlt
FullMember,-86.022684,-27.776157,C,IOS,iphone,9Tj6s9jGh5OW4g2jdujjzPUUZ3uTE7NXWJ54,2024-09-23 14:21:41.787,GE-NI5IBFzK-ezUpE5ES
FullMember,-52.781047,-90.498857,C,IOS,iphone 21 pro max,15Lcs5odLXDewTBQ7cIjpSyxx5asmuI9bIVG,2024-09-23 15:15:43.838,30-HI5IBFzK-ezUpnDHK
FullMember,76.020234,66.419622,C,,,6riz4uRjdAMOaniK0pkhqkfw98HFxMDcgymy,2024-09-23 15:15:57.177,iE-HI5IBFzK-ezUp0D_m
FullMember,-7.776077,143.055361,C,IOS,iphone 21 pro max,BmavCFdvCbZ5kxO6Vu0lQMBe8mbfEoGUH2Ij,2024-09-23 15:16:24.254,AU-II5IBFzK-ezUpOlmt
FullMember,20.095789,159.017790,C,AND,Huawei P20 Pro,KFbKXn8J658ZQQPF5sLMwxUVGlPpi6EZ0KQK,2024-09-23 15:20:13.653,vE-LI5IBFzK-ezUpunDk
FullMember,44.982267,-158.430391,C,IOS,iphone 21 pro max,6AtTX8tQYJk7m9yTzgqtYLk8JLy8Dmt7yTgq,2024-09-23 15:20:31.577,Ck-MI5IBFzK-ezUpAHfO
FullMember,-14.279894,3.807777,C,,,etbuXUDUIwMz3Fs1W1euYkgeXegPk5WdCuNZ,2024-09-23 15:21:36.704,SE-MI5IBFzK-ezUp_483
FullMember,60.826175,83.705654,C,IOS,iphone 13 mini,NlOddWs7sgOe1J8nNbyjl0OPGM3XmHSbcZzL,2024-09-23 15:21:37.052,Z0-NI5IBFzK-ezUpAI-T
FullMember,79.797684,111.482691,C,IOS,iphone,9txXA1MTjxmJxyusHE2RlGXXdoOOHfR03Hr9,2024-09-23 16:14:25.658,vU6GI5IBFzK-ezUpa_Fl
FullMember,22.106162,91.754960,C,AND,Oneplus 9T,68GhrskGgYSkI5zMBA0oRC9Pmf1iH51goM0h,2024-09-23 16:15:31.975,GU-HI5IBFzK-ezUpbiVz
FullMember,-30.629171,-3.021597,C,,,Q2uLmiumrpQYwgxO1zZwcNtR2dHUFCFO3TzH,2024-09-23 16:15:35.802,aE-HI5IBFzK-ezUpfSlk
FullMember,-40.582475,113.996389,C,AND,samsung,R0wrx9F078TTzgHdxIDGNVE0hKbdIn97Enlq,2024-09-23 16:15:36.407,EE-HI5IBFzK-ezUpfyrG
FullMember,-44.546438,65.474572,C,AND,oppo T51,XXqcgGerECaaLtbtvBQWsaWEPWiWFxs8Y9Zf,2024-09-23 16:15:55.041,bE-HI5IBFzK-ezUpyD2R
FullMember,-57.397893,-8.555225,C,,,e0Gh1Gg9XBgg3zOfBSjptNyQ60BLFY3vnMoC,2024-09-23 16:16:12.321,eE-II5IBFzK-ezUpDE4N
FullMember,65.152600,-32.909331,C,,,ykqpygnNAXlxQXjifA0jX9qq5zRaCMxsxJTt,2024-09-23 16:20:21.604,pE-LI5IBFzK-ezUp2XPa
FullMember,-87.955318,21.845850,C,IOS,iphone 13 mini,kBOtb4HSH5dvywhSm711U1gu7cBlRd0hY36z,2024-09-23 16:21:38.243,1E-NI5IBFzK-ezUpBY86
FullMember,-83.543986,68.581195,C,,,rbD3im1X2LB6dOvnUKxdTHKLKd494M5cjvaA,2024-09-23 17:14:29.683,D06GI5IBFzK-ezUpe_Me
FullMember,-73.672091,-54.605799,C,,,sxNUKSeK8nocOczJIJXFmjoc7ocPwjz06cn8,2024-09-23 17:15:15.893,A0-HI5IBFzK-ezUpLxWg
FullMember,-54.287100,-164.003118,C,IOS,iphone 20 pro,DZEbD0kjJPxdJLq9jYhHmHs3t88pvTAiLrpQ,2024-09-23 17:16:08.377,r0-HI5IBFzK-ezUp_Eql
FullMember,-77.622130,-140.127396,C,,,UHGyp0L73gLRpcsOv2OZOIF7xcMTfAu4soKD,2024-09-23 17:16:14.735,A0-II5IBFzK-ezUpFVF6
FullMember,15.890032,-54.876161,C,AND,samsung,doEcP9RNbJr1A9EAqzpBD0GlL7drf14W7MyG,2024-09-23 17:16:35.297,nk-II5IBFzK-ezUpZV_P
FullMember,-12.054501,-136.802083,C,IOS,iphone,BNifKkN4WgXJ8HWDZBy1IhRCTRsf7fKOvU3r,2024-09-23 17:16:43.639,d0-II5IBFzK-ezUphmNn
FullMember,47.529725,172.996274,C,IOS,iphone 13 mini,V0IPJTyDF25PMRg74vuYsVYhuL5lZcrkNtNb,2024-09-23 17:16:51.498,Yk-II5IBFzK-ezUppWYa
FullMember,-61.078023,99.925300,C,AND,Huawei P20 Pro,3tdHQiGklrKkvg6GPe86pFtmMJo01ojeREGb,2024-09-23 18:15:19.145,ck-HI5IBFzK-ezUpPBhV
FullMember,50.070691,-172.439204,C,IOS,iphone 13 mini,sQoo2MPOPqjXrLnpEe7HHxypDomjSyqYAqu0,2024-09-23 18:15:29.655,sE-HI5IBFzK-ezUpZSJk
FullMember,5.322229,133.105790,C,,,SU28jRiOE1zAiMQ1Orequ1DcALgILVUJaNbP,2024-09-23 18:15:33.065,SU-HI5IBFzK-ezUpcia2
FullMember,30.050132,11.539587,C,,,7bCroipwHHUsO0EPx6yj7TejT5zUlDBdNVUl,2024-09-23 18:15:43.447,cU-HI5IBFzK-ezUpmzFE
FullMember,25.592528,-75.575463,C,,,lewLRfoQ31tklENldo1i7E4GfYxSjZxxhO7c,2024-09-23 18:16:00.303,oU-HI5IBFzK-ezUp3UIZ
FullMember,22.876975,141.210873,C,,,n4wklY3VVOidkzlnx2NAd2ivsPjgkApMYf5N,2024-09-23 18:16:09.828,FE-II5IBFzK-ezUpAkxR
FullMember,76.817015,-86.178310,C,,,gSg7c21ABwcCBz5F0KwdpWAJs52QCUdlSNty,2024-09-23 18:16:58.912,30-II5IBFzK-ezUpwmcR
FullMember,-3.788452,-57.748937,C,IOS,iphone 20 pro,zZiOv7XKboGPKKcxuCPCAGTXD2BgmmvYM4h5,2024-09-23 18:20:16.717,-k-LI5IBFzK-ezUpxnHD
FullMember,88.447484,-89.262387,C,,,ojTAa1rkiMI5LcGWmHaSnJDlnryDgK8N7N7x,2024-09-23 18:20:51.167,T0-MI5IBFzK-ezUpTX5Y
FullMember,37.599894,9.061006,C,AND,oppo T51,EIh41ND07ewY6zr1sMYaCOUpxwFTkLy0xMKf,2024-09-23 19:15:02.356,RU-GI5IBFzK-ezUp-gi_
FullMember,-38.102021,176.010463,C,,,mgG0KBHDtlfNew6BeKZKTK5AxvteQ1Rvjast,2024-09-23 19:15:07.958,sE-HI5IBFzK-ezUpEA2g
FullMember,84.028438,121.154621,C,IOS,iphone 20 pro,7xJ1iOqfZtfjth9851CAkoCrqgAwKXQ19ruf,2024-09-23 19:15:18.045,QU-HI5IBFzK-ezUpOBcK
FullMember,48.679314,20.300679,C,IOS,iphone 20 pro,AexXWa7g8jZRlJfu8DNT6AT5cbQyxOLSkLYK,2024-09-23 19:15:53.802,Gk-HI5IBFzK-ezUpwzy2
FullMember,-18.199134,72.376406,C,IOS,iphone 13 mini,L5i4KiOGym3jT6v6sHKAYh4NtJv7tFshpf5g,2024-09-23 19:16:07.176,hU-HI5IBFzK-ezUp90n0
FullMember,-32.154404,-109.212492,C,,,ea50uCz9SNOCfeLYcBdKuRBqz0hgbiMWysng,2024-09-23 19:16:18.629,0U-II5IBFzK-ezUpJFSy
FullMember,-68.625585,-11.964539,C,,,BRti2qEaYv1iRQ1f4NO4cuDEHTAvBDxdCd8R,2024-09-23 19:16:36.739,WU-II5IBFzK-ezUpa2Bw
FullMember,34.121531,88.793153,C,,,p1Tt7RFmZet4RfEzhvH8Lx5xqvT0mdK6p6Pq,2024-09-23 19:20:33.535,u0-MI5IBFzK-ezUpCHd2
FullMember,47.000272,99.768103,C,AND,samsung,D49qZE2tjuxhXL6faGF5TSvkIkOPNuBpIWRH,2024-09-23 20:14:28.908,wk6GI5IBFzK-ezUpePIX
FullMember,68.941968,137.473770,C,,,Fs5l5PKmvUELD3TQMVnph9Bk8NYFSrBhprQW,2024-09-23 20:14:48.722,NE6GI5IBFzK-ezUpxf18
FullMember,-81.706800,24.073515,C,AND,Huawei P20 Pro,Xlze59p8k3treggPjkRJRnsPRFwjH6EsbQAs,2024-09-23 20:15:28.661,nU-HI5IBFzK-ezUpYSGB
FullMember,-76.908115,81.711742,C,IOS,iphone 21 pro max,f9YW2DbvZp5339icKRdnZXeaegvui8CEeR46,2024-09-23 20:15:34.430,8E-HI5IBFzK-ezUpeCcJ
FullMember,7.847836,-49.880194,C,IOS,iphone,uflei1L9KEhqfPSs0l3uNEa0xYSyTszZdT8t,2024-09-23 20:15:49.317,wE-HI5IBFzK-ezUpsjcz
FullMember,-8.371379,76.359603,C,,,JZQInMwc4iWkTZMPk12dTqqNbZdl7NBgFQvL,2024-09-23 20:15:49.783,M0-HI5IBFzK-ezUptDgD
FullMember,-18.969986,70.819277,C,IOS,iphone,BpQeWVvbY95JCx2p9WKA2qULdCqsL16BJ6be,2024-09-23 20:16:37.905,9k-II5IBFzK-ezUpb2D_
FullMember,-37.061318,143.223275,C,AND,samsung,o1OWhrnpqZsV7LGKcLfbLomIoyJKqr7yyr5X,2024-09-23 20:20:09.472,QU-LI5IBFzK-ezUpqm91
FullMember,3.112886,65.142759,C,IOS,iphone 21 pro max,i2FaE3SmKzDMAawLnG3gKRUAXEMQvzT5kAHO,2024-09-23 20:20:38.355,kU-MI5IBFzK-ezUpG3lI
FullMember,-72.950368,174.349173,C,IOS,iphone,pWMISEB4tGOWEil9XW2VWe9jeOWYQlVBUSBs,2024-09-23 20:21:04.808,eE-MI5IBFzK-ezUpgoOe
FullMember,-56.990722,98.300268,C,,,2Hew86o2M0mYXVlwEcy5j3ztISwZiwYTNsJK,2024-09-23 20:21:19.808,9U-MI5IBFzK-ezUpvYg2
FullMember,-68.107280,-137.511834,C,IOS,iphone 21 pro max,vZzsfFcgnzHotvYuDpSVfU2p7VPxD2PqLOlB,2024-09-23 20:21:58.823,g0-NI5IBFzK-ezUpVZee
FullMember,46.692903,-74.683920,C,IOS,iphone 20 pro,QhxQk6sf4P9AWfKQd57dPtZqI9m3EPHJVhRS,2024-09-23 21:15:02.109,CE-GI5IBFzK-ezUp-QjH
FullMember,71.616778,57.324268,C,IOS,iphone 21 pro max,FV3ZrhfExOBAo176heHKauQ1HsXEPeqe4JFH,2024-09-23 21:15:06.395,Uk-HI5IBFzK-ezUpCgyI
FullMember,20.264459,19.282451,C,AND,Oneplus 9T,8iIck05QPShhN6Ddtr0gqquS7sZtLx9vQ4Ay,2024-09-23 21:15:12.547,kE-HI5IBFzK-ezUpIhGO
FullMember,-36.183606,168.607291,C,IOS,iphone,QcpwBq1RnQjszLRNaLJoATzNZNT1AKpjFLF5,2024-09-23 21:15:31.034,IE-HI5IBFzK-ezUpaiTE
FullMember,89.818332,88.976190,C,,,pjR3kyaG0Bw1Yym01tRNxABhOClUJZAWEwcF,2024-09-23 21:15:33.963,QE-HI5IBFzK-ezUpdic1
FullMember,-79.695559,114.246797,C,AND,oppo T51,7qtCwylTEDUrurOgHAEyrKXoqWtc562wCk26,2024-09-23 21:15:43.897,7k-HI5IBFzK-ezUpnTEE
FullMember,-70.647959,157.918016,C,AND,oppo T51,gZq4pbznvw3CaRygOKrC26362fA2nUaSn9PO,2024-09-23 21:15:49.516,8k-HI5IBFzK-ezUpsjf5
FullMember,-67.621148,-50.952690,C,IOS,iphone 13 mini,Fxy62ydMcKG0rSYhQP1jWnht7NV3NBsHX6tr,2024-09-23 21:15:58.141,eU-HI5IBFzK-ezUp1ECp
FullMember,-89.886489,56.682862,C,IOS,iphone,LNdJbAMP7JE0DYwtlOWF5iK3nTUCTits4Mm7,2024-09-23 21:16:28.481,sk-II5IBFzK-ezUpS1st
FullMember,76.825375,-79.664127,C,AND,samsung,jY2VcagoiIRZTiI8IGnhn5h3TpFyLbDuCdtR,2024-09-23 21:16:35.669,0U-II5IBFzK-ezUpZ19D
FullMember,41.167874,-168.261516,C,,,oSurG4DB8Aall66U1m7GDeMMUoucxtiFRwyx,2024-09-23 21:16:38.706,Uk-II5IBFzK-ezUpc2Ef
FullMember,-65.687772,166.968126,C,IOS,iphone 20 pro,qXlaJC57yuZAMAAbN34xC2Kmf6GEzmNb0ILt,2024-09-23 21:20:07.002,h0-LI5IBFzK-ezUpoG7Q
FullMember,-19.375420,68.537092,C,AND,samsung,BrHzU227bJq2umVIMAjaelJK3CZrZUxChTWP,2024-09-23 21:20:11.902,G0-LI5IBFzK-ezUps3D0
FullMember,-22.415108,5.605795,C,AND,samsung,C7u2KxT2sC5RB9Fb4eKhVYc3A3kiELqK0eOf,2024-09-23 21:20:27.996,xU-LI5IBFzK-ezUp8nXR
FullMember,-11.321606,-138.599428,C,AND,oppo T51,wMg68fe9pmn3DeVgtYgStH3WXnCUGPeiWSl8,2024-09-23 21:21:02.190,YU-MI5IBFzK-ezUpeIJk
FullMember,8.910743,-110.934631,C,AND,Oneplus 9T,71Bi2XoZxxmMs6iCzARiSMRodgb5iFVh6vS5,2024-09-23 21:21:03.894,-k-MI5IBFzK-ezUpf4IO
FullMember,80.765004,-89.062985,C,,,pEmUuGFoo3qZ54Wnr1O2mPdDNSva08gbQnu9,2024-09-23 21:21:26.673,kU-MI5IBFzK-ezUp2IsI
FullMember,84.987135,77.155638,C,AND,oppo T51,lGLA2xIEBCU2loSPRHYzmkJDTsICud4pxO8I,2024-09-23 22:14:45.096,3E6GI5IBFzK-ezUpt_pR
FullMember,51.772584,155.576541,C,AND,Oneplus 9T,35VckBBu2tz6Rp0NfhX6oimMXdkMyBvVKpqQ,2024-09-23 22:15:26.616,gk-HI5IBFzK-ezUpWR-E
FullMember,-73.369393,37.476290,C,IOS,iphone,9KKZoPFnTRfkRbxh6aoXuEaWfKHQhtWI7ezp,2024-09-23 22:15:52.275,nU-HI5IBFzK-ezUpvTrA
FullMember,28.821674,22.254213,C,AND,oppo T51,vgJawT8G7I1yBgriyiUP6eFvglrBbqGXr4BE,2024-09-23 22:16:02.329,mU-HI5IBFzK-ezUp5UQH
FullMember,41.105218,-12.547289,C,AND,samsung,DOT8eh4t1Q6g1x7ytWxoI3ysl5HoR0j95CAs,2024-09-23 22:16:04.868,Q0-HI5IBFzK-ezUp7kfy
FullMember,-37.714831,-52.275345,C,IOS,iphone 21 pro max,puVrzaKCpg4zY5qxooOTFFxLMwCRIRfyl2uB,2024-09-23 22:16:14.217,WU-II5IBFzK-ezUpE1B3
FullMember,-15.806109,-55.101398,C,,,GZH0QyT8ehxcoi3jwxhqMoQuYbF83BInUtJB,2024-09-23 22:16:33.486,d0-II5IBFzK-ezUpXl67
FullMember,37.615123,28.570490,C,AND,oppo T51,OO0catIJB2tiZHU5aVE4M0W2iueY7fZWycPd,2024-09-23 22:16:34.885,Zk-II5IBFzK-ezUpZF80
FullMember,-73.225827,-152.765723,C,,,cuX1MHx0N9LHBMeZr8gLgYEG5wO9HeGKxYxc,2024-09-23 22:17:11.318,Jk-II5IBFzK-ezUp8mmG
FullMember,65.792255,-152.351549,C,AND,oppo T51,pzHJyU2IgMRwgR6iQdUCYiri6nJE243YahVb,2024-09-23 22:20:41.508,uE-MI5IBFzK-ezUpJ3qb
FullMember,32.092244,-137.532504,C,IOS,iphone 20 pro,nB3waIgxpTTu61cyaBVNzSVsvlE9XGd3MUH7,2024-09-23 22:21:17.602,LE-MI5IBFzK-ezUptIiZ
FullMember,46.269227,124.946221,C,AND,oppo T51,GxlLOnCvuSydAuoAt3SC0nPRlwkXX1WOyWDr,2024-09-23 22:21:19.530,20-MI5IBFzK-ezUpvIgi
FullMember,-85.775009,55.192569,C,IOS,iphone 21 pro max,QfRsGKdhvvIb0C3sJpL13ykcgDN0HSve5uHb,2024-09-23 22:21:49.040,5k-NI5IBFzK-ezUpL5Np
FullMember,-63.401857,159.297309,C,,,5Q6wPoHFAxrKbVnLHoXtr6KJB3c2pKBlvcwF,2024-09-23 23:14:22.401,3U6GI5IBFzK-ezUpXvCv
FullMember,59.472628,90.003477,C,,,ZaG7fRbjTIrpgfD36cT6wdZvN1i2UzuslewG,2024-09-23 23:14:33.371,p06GI5IBFzK-ezUpifSE
FullMember,14.931479,-49.139918,C,IOS,iphone,aLRbf9EikrQleFx2zplBJbwQ80SXh23FGFhF,2024-09-23 23:15:09.088,v0-HI5IBFzK-ezUpFQ4L
FullMember,64.985449,-111.369340,C,AND,Huawei P20 Pro,PQfDfjh5Th2O8bTLR3mtDksADSXxAm6vm3a4,2024-09-23 23:15:19.333,o0-HI5IBFzK-ezUpPRgQ
FullMember,-64.303296,44.343571,C,IOS,iphone 21 pro max,kHUCne7UUznXFdY3MVOSsLkcKGJ8KtpHXOrh,2024-09-23 23:15:20.321,rE-HI5IBFzK-ezUpQBnu
FullMember,-17.890877,-0.981173,C,AND,oppo T51,LreXSRPQja7QTRW76jgo2FR9nDM0besE7vB2,2024-09-23 23:15:21.577,7E-HI5IBFzK-ezUpRRrW
FullMember,19.433105,-116.637274,C,,,pF8SV0XoZ9c5UNnB2jlY1Cd8lWZc0fjyIaDe,2024-09-23 23:15:29.863,5k-HI5IBFzK-ezUpZiIz
FullMember,71.398319,16.284667,C,IOS,iphone,4g5tsKVHoCZr5MlzpiQ1axNDKVzpXF2ZyjWy,2024-09-23 23:15:43.660,rU-HI5IBFzK-ezUpnDEa
FullMember,-20.679150,-171.633938,C,,,KQUR7G7aVZ2yleXLbyTc0qN3Ml4Lylx00Xv9,2024-09-23 23:16:08.100,b0-HI5IBFzK-ezUp-0qQ
FullMember,-47.172773,-28.607796,C,,,fyX7QvI1sONgE8F7gQSVRZNEgmlgNVLStLGs,2024-09-23 23:20:40.861,fk-MI5IBFzK-ezUpJXoS
FullMember,-5.709657,-74.644886,C,,,AuXXWwOvcL3U5hVfMvByYN2VtRl6W2l0bQP6,2024-09-23 23:21:05.679,yU-MI5IBFzK-ezUphoMG
FullMember,-25.158810,-91.181312,C,,,i0aY0gmUK8bgTvo6P3YNOKNbjgr1ju6zTTCw,2024-09-23 23:21:17.933,Sk-MI5IBFzK-ezUptYjj
FullMember,77.352480,123.186972,C,AND,samsung,FZWlzcxNMAYjiuPTfhDx7Q7hXvlrHqI8ZkxD,2024-09-23 23:21:18.291,ak-MI5IBFzK-ezUpt4hL
FullMember,-89.884194,104.885683,C,IOS,iphone 21 pro max,bOjxo5Zh3EDmOk7Ne1TreY5BLUSrh42o4BcY,2024-09-23 23:21:26.020,Vk-MI5IBFzK-ezUp1Yt7
